<?xml version="1.0"?>
<doc>
    <assembly>
        <name>LinePutScript.SQLHelper</name>
    </assembly>
    <members>
        <member name="T:LinePutScript.SQLHelper.MySQLHelper">
            <summary>
            LinePutScript -> MySQL
            </summary>
        </member>
        <member name="M:LinePutScript.SQLHelper.MySQLHelper.#ctor(System.String)">
            <summary>
            新建数据库连接
            </summary>
            <param name="connStr">连接数据库所用数据
            eg:Server=localhost;port=3306;Database=dbname;User=dbuser;Password=dbpassword;</param>
        </member>
        <member name="M:LinePutScript.SQLHelper.MySQLHelper.#ctor(System.String,System.String,System.String,System.String,System.String,System.String)">
            <summary>
            新建数据库连接
            </summary>
            <param name="Server">服务器</param>
            <param name="port">端口</param>
            <param name="DatabaseName">数据库名</param>
            <param name="User">数据库用户名</param>
            <param name="Password">数据库密码</param>
            <param name="Other">其他参数</param>
        </member>
        <member name="M:LinePutScript.SQLHelper.MySQLHelper.GetConn">
            <summary>
            打开数据库链接
            </summary>
            <returns></returns>
        </member>
        <member name="M:LinePutScript.SQLHelper.MySQLHelper.GetConnClose">
            <summary>
             关闭数据库链接
            </summary>
        </member>
        <member name="M:LinePutScript.SQLHelper.MySQLHelper.ExecuteNonQuery(System.String)">
            <summary>
            执行不带参数的增删改SQL语句或存储过程{不安全}
            </summary>
            <param name="cmdText">增删改SQL语句或存储过程的字符串{不安全}</param>
            <returns>受影响的函数</returns>
        </member>
        <member name="M:LinePutScript.SQLHelper.MySQLHelper.ExecuteNonQuery(System.String,LinePutScript.SQLHelper.MySQLHelper.Parameter[])">
            <summary>
            执行带参数的增删改SQL语句或存储过程
            </summary>
            <param name="cmdText">增删改SQL语句或存储过程的字符串</param>
            <param name="paras">往存储过程或SQL中赋的参数集合</param>
            <returns>受影响的函数</returns>
        </member>
        <member name="M:LinePutScript.SQLHelper.MySQLHelper.ExecuteQuery(System.String)">
            <summary>
            执行不带参数的查询SQL语句或存储过程{不安全}
            </summary>
            <param name="cmdText">查询SQL语句或存储过程的字符串{不安全}</param>
            <returns>查询到的DataTable对象</returns>
        </member>
        <member name="M:LinePutScript.SQLHelper.MySQLHelper.ExecuteQuery(System.String,LinePutScript.SQLHelper.MySQLHelper.Parameter[])">
            <summary>
            执行带参数的查询SQL语句或存储过程
            </summary>
            <param name="cmdText">查询SQL语句或存储过程的字符串</param>
            <param name="paras">参数集合</param>
            <returns></returns>
        </member>
        <member name="T:LinePutScript.SQLHelper.MySQLHelper.Parameter">
            <summary>
            重构的SQL参数类
            </summary>
            使用方法:"select * from [Users] where UserName=@UserName and Password=@Password" 
            "@UserName","DATA"
            "@Password","DATA"
        </member>
        <member name="F:LinePutScript.SQLHelper.MySQLHelper.Parameter.ParameterName">
            <summary>
            参数化名称
            </summary>
        </member>
        <member name="F:LinePutScript.SQLHelper.MySQLHelper.Parameter.Value">
            <summary>
            参数化数据
            </summary>
        </member>
        <member name="M:LinePutScript.SQLHelper.MySQLHelper.Parameter.#ctor(System.String,System.Object)">
            <summary>
            新建SQL参数类
            </summary>
            <param name="name">参数化名称</param>
            <param name="value">参数化数据</param>
        </member>
        <member name="M:LinePutScript.SQLHelper.MySQLHelper.Parameter.ToMySqlParameter">
            <summary>
            转换成MySql参数类
            </summary>
            <returns></returns>
        </member>
    </members>
</doc>
